{"cameraMode":{"drawMode":0,"name":"Shaded","section":"Shading Mode"},"sceneLighting":false,"audioPlay":false,"sceneViewState":{"m_AlwaysRefresh":false,"showFog":true,"showSkybox":false,"showFlares":true,"showImageEffects":true,"showParticleSystems":true,"showVisualEffectGraphs":true,"m_FxEnabled":true},"in2DMode":false,"pivot":{"x":-0.627345621585846,"y":7.184370517730713,"z":0.7128115892410278},"rotation":{"x":-0.07519225776195526,"y":0.03499145060777664,"z":-0.002639767015352845,"w":-0.9965521097183228},"size":7.5791215896606449,"orthographic":false}