{"cameraMode":{"drawMode":0,"name":"Shaded","section":"Shading Mode"},"sceneLighting":false,"audioPlay":false,"sceneViewState":{"m_AlwaysRefresh":false,"showFog":true,"showSkybox":false,"showFlares":true,"showImageEffects":true,"showParticleSystems":true,"showVisualEffectGraphs":true,"m_FxEnabled":true},"in2DMode":false,"pivot":{"x":3.6037614345550539,"y":5.965284824371338,"z":29.830463409423829},"rotation":{"x":0.014022479765117169,"y":0.9852178692817688,"z":-0.13864752650260926,"w":0.09964890033006668},"size":9.132853507995606,"orthographic":false}