{"cameraMode":{"drawMode":0,"name":"Shaded","section":"Shading Mode"},"sceneLighting":false,"audioPlay":false,"sceneViewState":{"m_AlwaysRefresh":false,"showFog":true,"showSkybox":false,"showFlares":true,"showImageEffects":true,"showParticleSystems":true,"showVisualEffectGraphs":true,"m_FxEnabled":true},"in2DMode":false,"pivot":{"x":5.086243152618408,"y":4.0349249839782719,"z":23.457088470458986},"rotation":{"x":0.014022479765117169,"y":0.9852178692817688,"z":-0.13864752650260926,"w":0.09964890033006668},"size":6.012770652770996,"orthographic":false}