{"cameraMode":{"drawMode":0,"name":"Shaded","section":"Shading Mode"},"sceneLighting":false,"audioPlay":false,"sceneViewState":{"m_AlwaysRefresh":false,"showFog":true,"showSkybox":false,"showFlares":true,"showImageEffects":true,"showParticleSystems":true,"showVisualEffectGraphs":true,"m_FxEnabled":true},"in2DMode":false,"pivot":{"x":-5.41497802734375,"y":3.393617630004883,"z":0.01645898073911667},"rotation":{"x":0.001145144342444837,"y":-0.9966000318527222,"z":0.08121208101511002,"w":0.014059456996619702},"size":0.7455312609672546,"orthographic":false}